dagnywinona9564@gmail.com	dagnywinona1623	dagnywinona956413@outlook.com
gerardohaskell8543@gmail.com	gerardohaskell1068	gerardohaskell854313@outlook.com		
cheriolympia1830@gmail.com	cheriolympia0372	cheriolympia183013@outlook.com		
marianelaharbin3018@gmail.com	marianelaharbin3339	marianelaharbin301813@outlook.com		
cameronsang9882@gmail.com	cameronsang2887	cameronsang988213@outlook.com		
casiemozella6798@gmail.com	casiemozella3050	casiemozella679813@outlook.com		
cecilcordia3836@gmail.com	cecilcordia1287	cecilcordia383613@outlook.com		
lucindagivens2092@gmail.com	lucindagivens7614	lucindagivens209213@outlook.com		
ceolaharriett0321@gmail.com	ceolaharriett2869	ceolaharriett032113@outlook.com		
talishamcgrew3322@gmail.com	talishamcgrew2697	talishamcgrew332213@outlook.com		
pearlineodessa4264@gmail.com	pearlineodessa0469	pearlineodessa426413@outlook.com		
jeanenedaisy5102@gmail.com	jeanenedaisy2644	jeanenedaisy510213@outlook.com - man
joetteagatha0572@gmail.com	joetteagatha1744	joetteagatha057213@outlook.com		
yaniramana0361@gmail.com	yaniramana4229	yaniramana036113@outlook.com
blainedumas3239@gmail.com	blainedumas0478	blainedumas323913@outlook.com		
salomehightower0278@gmail.com	salomehightower8458	salomehightower027813@outlook.com		
leoniacodi4362@gmail.com	leoniacodi4008	leoniacodi436213@outlook.com		
merrileetianna6569@gmail.com	merrileetianna3161	merrileetianna656913@outlook.com		
antoinetteesther2547@gmail.com	antoinetteesther6268	antoinetteesther254713@outlook.com		
elisamitsuko0727@gmail.com	elisamitsuko1018	elisamitsuko072713@outlook.com		-
onieburks6151@gmail.com	onieburks0823	onieburks615113@outlook.com		
reinamccracken2805@gmail.com	reinamccracken5511	reinamccracken280513@outlook.com		
cindyjanelle6348@gmail.com	cindyjanelle4558	cindyjanelle634813@outlook.com		
clarencewillia3825@gmail.com	clarencewillia2918	clarencewillia382513@outlook.com
delisamayer8828@gmail.com	delisamayer8281	delisamayer882813@outlook.com	W
nakishacandida3368@gmail.com	nakishacandida3650	nakishacandida336813@outlook.com	W
georgettamiki4112@gmail.com	georgettamiki8827	georgettamiki411213@outlook.com		W
judsonnichols3033@gmail.com	judsonnichols5369	judsonnichols303313@outlook.com		
louisaashlie0746@gmail.com	louisaashlie8837	louisaashlie074613@outlook.com		
royceparis6206@gmail.com	royceparis9968	royceparis620613@outlook.com		
wynellrebbecca7668@gmail.com	wynellrebbecca5163	wynellrebbecca766813@outlook.com		
michikohammons1988@gmail.com	michikohammons8323	michikohammons198813@outlook.com		
dorcaslemuel5008@gmail.com	dorcaslemuel5390	dorcaslemuel500813@outlook.com		W
ignaciahaller0111@gmail.com	ignaciahaller7717	ignaciahaller011113@outlook.com		W
lennakruger8161@gmail.com	lennakruger2987	lennakruger816113@outlook.com		
salleyrobertson2204@gmail.com	salleyrobertson1286	salleyrobertson220413@outlook.com		
susannafincher5377@gmail.com	susannafincher5501	susannafincher537713@outlook.com		
latriciadalton0911@gmail.com	latriciadalton3854	latriciadalton091113@outlook.com		
candancemerlin1706@gmail.com	candancemerlin8054	candancemerlin170613@outlook.com - wrong password
clorindaabram0832@gmail.com	clorindaabram9635	clorindaabram083213@outlook.com
analisalaws8326@gmail.com	analisalaws3787	analisalaws832613@outlook.com		w
latashamaybell3270@gmail.com	latashamaybell5762	latashamaybell327013@outlook.com		- Account Blocked
demetriusgonzalez7190@gmail.com	demetriusgonzalez5955	demetriusgonzalez719013@outlook.com     Waved
hankmorrison4377@gmail.com	hankmorrison0010	hankmorrison437713@outlook.com		W
chassidycinda3017@gmail.com	chassidycinda8728	chassidycinda301713@outlook.com	            - Account Blocked
arladorsey1518@gmail.com	arladorsey4586	arladorsey151813@outlook.com		W
caritafederico7554@gmail.com	caritafederico7449	caritafederico755413@outlook.com	    done
sharlenebraun1642@gmail.com	sharlenebraun1161	sharlenebraun164213@outlook.com		_W
shirlenebernita0632@gmail.com	shirlenebernita9122	shirlenebernita063213@outlook.com		
annabellegist1254@gmail.com	annabellegist7515	annabellegist125413@outlook.com		
